{
    "QuestData": {
        "ActiveQuests": [
        ],
        "CompletedQuests": [
        ]
    },
    "jacket": 0,
    "FactionData": [
    ],
    "face": 0,
    "ItemGiverChained": [
    ],
    "ScriptStoreddata": {
    },
    "hair": 0,
    "ItemGiversList": [
    ],
    "TransportData": [
    ],
    "DialogData": [
    ],
    "PlayerCompanionId": 0,
    "body": 0,
    "isActive": 0b,
    "bodyColor": 0,
    "NpcsTimers": [
    ],
    "shoes": 0,
    "leg": 0,
    "PlayerName": "oskr2804",
    "isMale": 0b,
    "UUID": "40595c96-2524-3ff6-bf48-0f9754d3b040",
    "eyesColor": 0,
    "MailData": [
    ],
    "BankData": [
    ],
    "peculiarities": [I;],
    "hairColor": 0
}
