{
    "QuestData": {
        "ActiveQuests": [
        ],
        "CompletedQuests": [
        ]
    },
    "jacket": 0,
    "FactionData": [
    ],
    "face": 0,
    "ItemGiverChained": [
    ],
    "ScriptStoreddata": {
    },
    "hair": 0,
    "ItemGiversList": [
    ],
    "TransportData": [
    ],
    "DialogData": [
    ],
    "PlayerCompanionId": 0,
    "body": 0,
    "isActive": 0b,
    "bodyColor": 0,
    "NpcsTimers": [
    ],
    "shoes": 0,
    "leg": 0,
    "PlayerName": "iZack_kun",
    "isMale": 0b,
    "UUID": "b3bae35d-4a1a-3d8a-8769-42598da075b1",
    "eyesColor": 0,
    "MailData": [
    ],
    "BankData": [
    ],
    "peculiarities": [I;],
    "hairColor": 0
}
