{"stats":{"minecraft:mined":{"minecraft:scaffolding":7,"minecraft:spruce_planks":127,"minecraft:glass_pane":13,"minecraft:spruce_trapdoor":5,"minecraft:lever":4,"minecraft:oak_planks":8,"minecraft:spruce_stairs":27,"minecraft:stripped_spruce_log":8,"minecraft:smooth_stone_slab":2,"minecraft:grass":1,"minecraft:cobblestone_slab":1,"minecraft:oak_stairs":17,"minecraft:iron_trapdoor":1,"minecraft:spruce_slab":4,"minecraft:redstone_lamp":3,"minecraft:warped_slab":12},"minecraft:dropped":{"minecraft:bread":2,"minecraft:cooked_beef":2,"minecraft:cookie":16,"minecraft:white_terracotta":1,"minecraft:grass_block":1,"minecraft:pumpkin_pie":2},"minecraft:custom":{"minecraft:mob_kills":50,"minecraft:damage_dealt_resisted":45536,"minecraft:leave_game":5,"minecraft:time_since_death":6154,"minecraft:climb_one_cm":1048,"minecraft:damage_resisted":76607,"minecraft:time_since_rest":6190,"minecraft:sprint_one_cm":281721,"minecraft:damage_taken":10678,"minecraft:walk_one_cm":552798,"minecraft:drop":24,"minecraft:damage_dealt":3168,"minecraft:damage_dealt_absorbed":8,"minecraft:fly_one_cm":1375355,"minecraft:player_kills":6,"minecraft:open_chest":18,"minecraft:crouch_one_cm":130984,"minecraft:play_time":87953,"minecraft:deaths":22,"minecraft:sneak_time":10497,"minecraft:jump":716,"minecraft:walk_on_water_one_cm":98,"minecraft:total_world_time":87953,"minecraft:fall_one_cm":32957},"minecraft:killed":{"jujutsucraft:cursed_spirit_grade_32":13,"jujutsucraft:cursed_spirit_grade_33":4,"jujutsucraft:cursed_spirit_grade_12":1,"jujutsucraft:cursed_spirit_grade_211":1,"jujutsucraft:cursed_spirit_grade_26":1,"jujutsucraft:zenin_ranta":1,"jujutsucraft:curse_user":1,"jujutsucraft:cursed_spirit_grade_22":1,"jujutsucraft:transfigured_human_2":1,"jujutsucraft:cursed_spirit_grade_321":1,"jujutsucraft:panda_gorilla":1,"jujutsucraft:cursed_spirit_grade_29":1,"jujutsucraft:cursed_spirit_grade_39":1,"jujutsucraft:cursed_spirit_grade_312":1,"jujutsucraft:rozetsu":1,"jujutsucraft:cursed_spirit_grade_215":1,"jujutsucraft:cursed_spirit_grade_36":6,"jujutsucraft:rozetsu_shikigami":3,"jujutsucraft:cursed_spirit_grade_214":2,"jujutsucraft:cursed_spirit_grade_315":2,"jujutsucraft:cursed_spirit_grade_319":2,"jujutsucraft:cursed_spirit_grade_322":2},"minecraft:picked_up":{"minecraft:cooked_beef":1,"minecraft:iron_trapdoor":10,"minecraft:redstone_lamp":2,"dummmmmmy:target_dummy":1,"minecraft:oak_stairs":16,"minecraft:chain":20,"jujutsucraft:jujutsu_barrier":844,"minecraft:wheat_seeds":4,"minecraft:spruce_planks":57,"minecraft:warped_slab":3,"minecraft:spruce_slab":3,"minecraft:oak_planks":8,"minecraft:spruce_trapdoor":3,"minecraft:scaffolding":4,"jujutsucraft:block_universe":45,"minecraft:oak_door":2,"jujutsucraft:domain_flower":823,"minecraft:torch":1,"minecraft:oak_pressure_plate":7,"minecraft:spruce_stairs":13,"minecraft:stripped_spruce_log":4,"minecraft:carrot":5,"minecraft:lever":6,"jujutsucraft:clothes_sukuna_fushiguro_chestplate":1,"minecraft:iron_bars":1},"minecraft:killed_by":{"minecraft:player":1,"jujutsucraft:zenin_jinichi":1,"jujutsucraft:rozetsu_shikigami":2,"jujutsucraft:sukuna_perfect":4,"jujutsucraft:sukuna":1,"jujutsucraft:fushiguro_toji_bug":1},"minecraft:used":{"dummmmmmy:target_dummy":5,"jujutsucraft:cursed_spirit_grade_32_spawn_egg":14,"minecraft:netherite_sword":3,"minecraft:spruce_planks":19,"minecraft:chest":1,"minecraft:white_terracotta":2,"minecraft:stone":2,"minecraft:spruce_stairs":6,"minecraft:carrot":4,"minecraft:stripped_spruce_log":3,"minecraft:bricks":1,"minecraft:grass_block":2,"minecraft:scaffolding":1,"minecraft:glass_pane":9,"jujutsucraft:jujutsu_barrier":5}},"DataVersion":3465}