{"stats":{"minecraft:picked_up":{"minecraft:scaffolding":4,"minecraft:cooked_beef":1,"minecraft:iron_trapdoor":1,"minecraft:redstone_lamp":2,"minecraft:torch":1,"dummmmmmy:target_dummy":1,"minecraft:oak_pressure_plate":7,"minecraft:spruce_stairs":13,"minecraft:oak_stairs":16,"minecraft:stripped_spruce_log":4,"minecraft:wheat_seeds":1,"minecraft:lever":3,"minecraft:spruce_planks":57,"minecraft:warped_slab":3,"minecraft:spruce_slab":3,"minecraft:oak_planks":8,"minecraft:spruce_trapdoor":3},"minecraft:used":{"minecraft:netherite_sword":3,"dummmmmmy:target_dummy":5,"jujutsucraft:cursed_spirit_grade_32_spawn_egg":14,"minecraft:bricks":1,"minecraft:grass_block":2,"minecraft:spruce_planks":19,"minecraft:chest":1,"minecraft:white_terracotta":2,"minecraft:stone":2,"minecraft:scaffolding":1,"minecraft:spruce_stairs":6,"minecraft:glass_pane":9,"minecraft:stripped_spruce_log":3},"minecraft:custom":{"minecraft:time_since_rest":1369,"minecraft:sprint_one_cm":88592,"minecraft:walk_one_cm":258919,"minecraft:damage_taken":596,"minecraft:mob_kills":25,"minecraft:drop":24,"minecraft:damage_dealt":1290,"minecraft:damage_dealt_absorbed":8,"minecraft:fly_one_cm":925775,"minecraft:player_kills":3,"minecraft:open_chest":18,"minecraft:crouch_one_cm":37284,"minecraft:play_time":60100,"minecraft:deaths":1,"minecraft:sneak_time":5684,"minecraft:jump":340,"minecraft:damage_dealt_resisted":13249,"minecraft:leave_game":3,"minecraft:time_since_death":1341,"minecraft:climb_one_cm":317,"minecraft:total_world_time":60100,"minecraft:damage_resisted":2230,"minecraft:fall_one_cm":3175},"minecraft:killed":{"jujutsucraft:cursed_spirit_grade_32":13,"jujutsucraft:panda_gorilla":1,"jujutsucraft:cursed_spirit_grade_29":1,"jujutsucraft:cursed_spirit_grade_312":1,"jujutsucraft:cursed_spirit_grade_36":4,"jujutsucraft:cursed_spirit_grade_214":1,"jujutsucraft:cursed_spirit_grade_315":2,"jujutsucraft:cursed_spirit_grade_319":1,"jujutsucraft:cursed_spirit_grade_322":1},"minecraft:dropped":{"minecraft:cooked_beef":2,"minecraft:cookie":16,"minecraft:pumpkin_pie":2,"minecraft:white_terracotta":1,"minecraft:grass_block":1,"minecraft:bread":2},"minecraft:mined":{"minecraft:spruce_stairs":27,"minecraft:spruce_planks":127,"minecraft:scaffolding":7,"minecraft:glass_pane":13,"minecraft:stripped_spruce_log":8,"minecraft:spruce_trapdoor":5,"minecraft:smooth_stone_slab":2,"minecraft:lever":4,"minecraft:grass":1,"minecraft:cobblestone_slab":1,"minecraft:oak_stairs":17,"minecraft:oak_planks":8,"minecraft:spruce_slab":4,"minecraft:iron_trapdoor":1,"minecraft:redstone_lamp":3,"minecraft:warped_slab":12}},"DataVersion":3465}