{"stats":{"minecraft:used":{"minecraft:bricks":1,"minecraft:grass_block":2,"minecraft:spruce_planks":19,"minecraft:stone":2,"minecraft:spruce_stairs":6,"minecraft:glass_pane":9,"minecraft:stripped_spruce_log":3},"minecraft:picked_up":{"minecraft:scaffolding":4,"minecraft:redstone_lamp":2,"minecraft:torch":1,"minecraft:oak_pressure_plate":7,"minecraft:spruce_stairs":13,"minecraft:oak_stairs":16,"minecraft:stripped_spruce_log":4,"minecraft:lever":2,"minecraft:spruce_planks":57,"minecraft:warped_slab":3,"minecraft:spruce_slab":3,"minecraft:oak_planks":8,"minecraft:spruce_trapdoor":3},"minecraft:custom":{"minecraft:time_since_rest":14282,"minecraft:sprint_one_cm":33941,"minecraft:walk_one_cm":60446,"minecraft:drop":1,"minecraft:damage_dealt":8,"minecraft:fly_one_cm":471503,"minecraft:open_chest":10,"minecraft:crouch_one_cm":14391,"minecraft:play_time":14282,"minecraft:sneak_time":2253,"minecraft:jump":97,"minecraft:damage_dealt_resisted":2,"minecraft:time_since_death":14282,"minecraft:total_world_time":14282},"minecraft:dropped":{"minecraft:grass_block":1},"minecraft:mined":{"minecraft:spruce_stairs":27,"minecraft:spruce_planks":127,"minecraft:scaffolding":7,"minecraft:glass_pane":13,"minecraft:stripped_spruce_log":8,"minecraft:spruce_trapdoor":5,"minecraft:smooth_stone_slab":2,"minecraft:lever":3,"minecraft:cobblestone_slab":1,"minecraft:oak_stairs":17,"minecraft:oak_planks":8,"minecraft:spruce_slab":4,"minecraft:redstone_lamp":3,"minecraft:warped_slab":12}},"DataVersion":3465}