{"stats":{"minecraft:used":{"jujutsucraft:yaga_masamichi_spawn_egg":1,"dummmmmmy:target_dummy":1,"jujutsucraft:miwa_kasumi_spawn_egg":1,"jujutsucraft:ino_takuma_spawn_egg":1,"wom:netherite_staff":44},"minecraft:custom":{"minecraft:jump":24,"minecraft:time_since_rest":16853,"minecraft:damage_dealt":0,"minecraft:crouch_one_cm":214,"minecraft:sprint_one_cm":3647,"minecraft:leave_game":2,"minecraft:play_time":16853,"minecraft:time_since_death":16853,"minecraft:walk_one_cm":2445,"minecraft:sneak_time":107,"minecraft:climb_one_cm":20,"minecraft:total_world_time":16853,"minecraft:fall_one_cm":627,"minecraft:fly_one_cm":212201}},"DataVersion":3465}