{"stats":{"minecraft:picked_up":{"minecraft:redstone_lamp":1,"dummmmmmy:target_dummy":1,"minecraft:oak_stairs":2,"minecraft:warped_stairs":4,"jujutsucraft:jujutsu_barrier":7,"minecraft:spruce_planks":26,"minecraft:spruce_slab":8,"jujutsucraft:block_universe":6,"minecraft:torch":1,"jujutsucraft:uniform_gojo_leggings":1,"jujutsucraft:uniform_gojo_chestplate":1,"minecraft:warped_planks":7,"jujutsucraft:domain_white":6},"minecraft:used":{"dummmmmmy:target_dummy":6,"jujutsucraft:cursed_spirit_grade_318_spawn_egg":1,"jujutsucraft:cursed_spirit_grade_32_spawn_egg":41,"jjkprisonrealmmodrework:prison_realm":1,"jujutsucraft:nishimiya_momo_spawn_egg":1,"jujutsucraft:cursed_spirit_grade_311_spawn_egg":3,"jujutsucraft:cursed_spirit_grade_39_spawn_egg":1,"jujutsucraft:human_stock_car":6,"jujutsucraft:cursed_spirit_grade_33_spawn_egg":2,"jujutsucraft:miwa_kasumi_spawn_egg":1,"jujutsucraft:zenin_ranta_spawn_egg":1,"jujutsucraft:todo_aoi_spawn_egg":1,"jujutsucraft:cursed_spirit_grade_213_spawn_egg":1,"jujutsucraft:cursed_spirit_grade_21_spawn_egg":1,"jujutsucraft:yaga_masamichi_spawn_egg":1,"jujutsucraft:cursed_spirit_grade_313_spawn_egg":6,"jujutsucraft:nanami_kento_spawn_egg":1,"jujutsucraft:cursed_spirit_grade_37_spawn_egg":1,"jujutsucraft:kamo_noritoshi_spawn_egg":1,"jujutsucraft:cursed_spirit_grade_31_spawn_egg":1,"jujutsucraft:ino_takuma_spawn_egg":2,"jujutsucraft:cursed_spirit_grade_317_spawn_egg":1,"wom:netherite_staff":44,"jujutsucraft:mei_mei_spawn_egg":1,"jujutsucraft:cursed_spirit_grade_38_spawn_egg":1,"jujutsucraft:cursed_spirit_grade_23_spawn_egg":1,"minecraft:glass_pane":1,"jujutsucraft:cursed_spirit_grade_34_spawn_egg":4,"jujutsucraft:cursed_spirit_grade_312_spawn_egg":1,"jujutsucraft:mechamaru_spawn_egg":1,"jujutsucraft:zenin_naoya_spawn_egg":1},"minecraft:custom":{"minecraft:mob_kills":66,"minecraft:damage_dealt_resisted":14297,"minecraft:leave_game":3,"minecraft:time_since_death":485,"minecraft:climb_one_cm":135,"minecraft:damage_resisted":1812,"minecraft:time_since_rest":530,"minecraft:sprint_one_cm":79131,"minecraft:damage_taken":6560,"minecraft:walk_one_cm":92810,"minecraft:damage_dealt":0,"minecraft:damage_dealt_absorbed":141,"minecraft:fly_one_cm":842500,"minecraft:crouch_one_cm":868,"minecraft:play_time":76735,"minecraft:deaths":7,"minecraft:sneak_time":506,"minecraft:jump":228,"minecraft:total_world_time":76735,"minecraft:fall_one_cm":16008},"minecraft:killed_by":{"jujutsucraft:cursed_spirit_grade_36":1,"minecraft:player":4,"jujutsucraft:cursed_spirit_grade_02":2},"minecraft:killed":{"jujutsucraft:cursed_spirit_grade_32":42,"jujutsucraft:cursed_spirit_grade_33":1,"minecraft:pig":5,"jujutsucraft:cursed_spirit_grade_37":1,"jujutsucraft:cursed_spirit_grade_318":2,"jujutsucraft:curse_user":1,"jujutsucraft:transfigured_human_2":1,"minecraft:sheep":1,"jujutsucraft:cursed_spirit_grade_313":6,"jujutsucraft:cursed_spirit_grade_312":1,"jujutsucraft:cursed_spirit_grade_314":1,"jujutsucraft:crow":1,"minecraft:chicken":1,"jujutsucraft:cursed_spirit_grade_34":1,"minecraft:cow":1},"minecraft:mined":{"minecraft:spruce_planks":94,"minecraft:glass_pane":2,"jujutsucraft:domain_white":74,"minecraft:warped_stairs":9,"jujutsucraft:jujutsu_barrier":134,"minecraft:chest":1,"minecraft:oak_planks":1,"minecraft:oak_trapdoor":3,"minecraft:warped_planks":9,"minecraft:beehive":5,"minecraft:black_concrete":9,"minecraft:oak_stairs":15,"jujutsucraft:block_universe":146,"minecraft:spruce_slab":37,"minecraft:redstone_lamp":3}},"DataVersion":3465}