{"stats":{"minecraft:used":{"jujutsucraft:yaga_masamichi_spawn_egg":1,"jujutsucraft:cursed_spirit_grade_32_spawn_egg":2,"jujutsucraft:cursed_spirit_grade_33_spawn_egg":1,"dummmmmmy:target_dummy":1,"jujutsucraft:nanami_kento_spawn_egg":1,"jujutsucraft:mei_mei_spawn_egg":1,"jujutsucraft:miwa_kasumi_spawn_egg":1,"jujutsucraft:nishimiya_momo_spawn_egg":1,"jujutsucraft:zenin_ranta_spawn_egg":1,"jujutsucraft:todo_aoi_spawn_egg":1,"jujutsucraft:kamo_noritoshi_spawn_egg":1,"jujutsucraft:cursed_spirit_grade_311_spawn_egg":1,"jujutsucraft:cursed_spirit_grade_34_spawn_egg":3,"jujutsucraft:ino_takuma_spawn_egg":2,"jujutsucraft:mechamaru_spawn_egg":1,"jujutsucraft:cursed_spirit_grade_317_spawn_egg":1,"wom:netherite_staff":44,"jujutsucraft:zenin_naoya_spawn_egg":1},"minecraft:custom":{"minecraft:time_since_rest":40853,"minecraft:crouch_one_cm":214,"minecraft:play_time":40853,"minecraft:sprint_one_cm":5105,"minecraft:walk_one_cm":5624,"minecraft:sneak_time":166,"minecraft:mob_kills":1,"minecraft:damage_dealt_resisted":207,"minecraft:jump":28,"minecraft:damage_dealt":0,"minecraft:leave_game":2,"minecraft:time_since_death":40853,"minecraft:total_world_time":40853,"minecraft:climb_one_cm":20,"minecraft:damage_dealt_absorbed":141,"minecraft:fall_one_cm":627,"minecraft:fly_one_cm":399126},"minecraft:killed":{"jujutsucraft:cursed_spirit_grade_32":1}},"DataVersion":3465}