{"stats":{"minecraft:used":{"jujutsucraft:nanami_kento_spawn_egg":1,"jujutsucraft:mei_mei_spawn_egg":1,"jujutsucraft:cursed_spirit_grade_33_spawn_egg":2,"jujutsucraft:miwa_kasumi_spawn_egg":1,"dummmmmmy:target_dummy":4,"jujutsucraft:cursed_spirit_grade_32_spawn_egg":41,"jujutsucraft:nishimiya_momo_spawn_egg":1,"jujutsucraft:zenin_ranta_spawn_egg":1,"jujutsucraft:todo_aoi_spawn_egg":1,"jujutsucraft:kamo_noritoshi_spawn_egg":1,"jujutsucraft:cursed_spirit_grade_311_spawn_egg":2,"jujutsucraft:cursed_spirit_grade_31_spawn_egg":1,"jujutsucraft:cursed_spirit_grade_34_spawn_egg":4,"jujutsucraft:ino_takuma_spawn_egg":2,"jujutsucraft:mechamaru_spawn_egg":1,"jujutsucraft:cursed_spirit_grade_317_spawn_egg":1,"jujutsucraft:yaga_masamichi_spawn_egg":1,"wom:netherite_staff":44,"jujutsucraft:zenin_naoya_spawn_egg":1},"minecraft:custom":{"minecraft:time_since_rest":3720,"minecraft:crouch_one_cm":674,"minecraft:play_time":52735,"minecraft:sprint_one_cm":15724,"minecraft:deaths":2,"minecraft:damage_taken":705,"minecraft:walk_one_cm":27292,"minecraft:sneak_time":309,"minecraft:mob_kills":46,"minecraft:damage_dealt_resisted":6818,"minecraft:jump":62,"minecraft:damage_dealt":0,"minecraft:leave_game":3,"minecraft:time_since_death":3687,"minecraft:damage_resisted":140,"minecraft:climb_one_cm":20,"minecraft:total_world_time":52735,"minecraft:damage_dealt_absorbed":141,"minecraft:fall_one_cm":2671,"minecraft:fly_one_cm":462753},"minecraft:killed_by":{"minecraft:player":2},"minecraft:killed":{"jujutsucraft:cursed_spirit_grade_32":42,"jujutsucraft:cursed_spirit_grade_33":1,"jujutsucraft:cursed_spirit_grade_34":1,"minecraft:chicken":1,"minecraft:cow":1}},"DataVersion":3465}