{"stats":{"minecraft:picked_up":{"dummmmmmy:target_dummy":1,"jujutsucraft:uniform_gojo_leggings":1,"jujutsucraft:uniform_gojo_chestplate":1,"jujutsucraft:jujutsu_barrier":4,"jujutsucraft:domain_white":6},"minecraft:used":{"jujutsucraft:yaga_masamichi_spawn_egg":1,"dummmmmmy:target_dummy":6,"jujutsucraft:nanami_kento_spawn_egg":1,"jujutsucraft:cursed_spirit_grade_32_spawn_egg":41,"jjkprisonrealmmodrework:prison_realm":1,"jujutsucraft:nishimiya_momo_spawn_egg":1,"jujutsucraft:kamo_noritoshi_spawn_egg":1,"jujutsucraft:cursed_spirit_grade_311_spawn_egg":2,"jujutsucraft:cursed_spirit_grade_31_spawn_egg":1,"jujutsucraft:ino_takuma_spawn_egg":2,"jujutsucraft:cursed_spirit_grade_317_spawn_egg":1,"wom:netherite_staff":44,"jujutsucraft:mei_mei_spawn_egg":1,"jujutsucraft:cursed_spirit_grade_33_spawn_egg":2,"jujutsucraft:miwa_kasumi_spawn_egg":1,"jujutsucraft:zenin_ranta_spawn_egg":1,"jujutsucraft:todo_aoi_spawn_egg":1,"jujutsucraft:cursed_spirit_grade_34_spawn_egg":4,"jujutsucraft:mechamaru_spawn_egg":1,"jujutsucraft:zenin_naoya_spawn_egg":1},"minecraft:custom":{"minecraft:time_since_rest":2030,"minecraft:sprint_one_cm":62246,"minecraft:damage_taken":5176,"minecraft:walk_one_cm":58979,"minecraft:mob_kills":47,"minecraft:damage_dealt":0,"minecraft:damage_dealt_absorbed":141,"minecraft:fly_one_cm":521167,"minecraft:crouch_one_cm":829,"minecraft:play_time":64735,"minecraft:deaths":4,"minecraft:sneak_time":324,"minecraft:jump":174,"minecraft:damage_dealt_resisted":6855,"minecraft:leave_game":3,"minecraft:time_since_death":2011,"minecraft:total_world_time":64735,"minecraft:climb_one_cm":20,"minecraft:damage_resisted":1466,"minecraft:fall_one_cm":9892},"minecraft:killed_by":{"jujutsucraft:cursed_spirit_grade_36":1,"minecraft:player":3},"minecraft:killed":{"minecraft:sheep":1,"jujutsucraft:cursed_spirit_grade_32":42,"jujutsucraft:cursed_spirit_grade_33":1,"minecraft:chicken":1,"jujutsucraft:cursed_spirit_grade_34":1,"minecraft:cow":1},"minecraft:mined":{"jujutsucraft:domain_white":74,"jujutsucraft:jujutsu_barrier":36}},"DataVersion":3465}