{"stats":{"minecraft:picked_up":{"minecraft:pumpkin_pie":2,"minecraft:spruce_planks":2,"minecraft:warped_slab":7,"minecraft:stone_button":1,"minecraft:white_terracotta":1,"minecraft:spruce_slab":1},"minecraft:used":{"jjkprisonrealmmodrework:toji_worm_chestplate":1,"minecraft:sand":1,"minecraft:flint_and_steel":3,"minecraft:tnt":20},"minecraft:custom":{"minecraft:time_since_rest":38688,"minecraft:open_chest":9,"minecraft:crouch_one_cm":4574,"minecraft:play_time":38688,"minecraft:sprint_one_cm":112546,"minecraft:walk_one_cm":69941,"minecraft:sneak_time":1690,"minecraft:damage_dealt_resisted":37,"minecraft:jump":395,"minecraft:damage_dealt":0,"minecraft:time_since_death":38688,"minecraft:leave_game":1,"minecraft:walk_on_water_one_cm":361,"minecraft:total_world_time":38688,"minecraft:climb_one_cm":476,"minecraft:fly_one_cm":878427}},"DataVersion":3465}