{"stats":{"minecraft:used":{"minecraft:sand":1,"minecraft:flint_and_steel":2,"minecraft:tnt":20},"minecraft:picked_up":{"minecraft:warped_slab":7,"minecraft:stone_button":1,"minecraft:spruce_slab":1,"minecraft:spruce_planks":2},"minecraft:custom":{"minecraft:jump":214,"minecraft:open_chest":6,"minecraft:time_since_rest":14688,"minecraft:crouch_one_cm":1852,"minecraft:leave_game":1,"minecraft:sprint_one_cm":53301,"minecraft:play_time":14688,"minecraft:time_since_death":14688,"minecraft:walk_one_cm":41282,"minecraft:sneak_time":1010,"minecraft:climb_one_cm":87,"minecraft:total_world_time":14688,"minecraft:fly_one_cm":450877,"minecraft:damage_dealt_resisted":37}},"DataVersion":3465}