{"stats":{"minecraft:used":{"minecraft:sand":1,"minecraft:flint_and_steel":3,"minecraft:tnt":20},"minecraft:picked_up":{"minecraft:warped_slab":7,"minecraft:stone_button":1,"minecraft:white_terracotta":1,"minecraft:spruce_slab":1,"minecraft:pumpkin_pie":2,"minecraft:spruce_planks":2},"minecraft:custom":{"minecraft:jump":371,"minecraft:open_chest":9,"minecraft:time_since_rest":26688,"minecraft:crouch_one_cm":3684,"minecraft:leave_game":1,"minecraft:sprint_one_cm":103118,"minecraft:play_time":26688,"minecraft:time_since_death":26688,"minecraft:walk_one_cm":63218,"minecraft:sneak_time":1353,"minecraft:climb_one_cm":476,"minecraft:total_world_time":26688,"minecraft:fly_one_cm":824414,"minecraft:damage_dealt_resisted":37}},"DataVersion":3465}