{"stats":{"minecraft:used":{"jujutsucraftaddon:kenjaku_armor_helmet":1,"jjkprisonrealmmodrework:toji_worm_chestplate":1,"jjkprisonrealmmodrework:prison_realm":11,"minecraft:sand":1,"jjkprisonrealmmodrework:prison_realm_sealed_form":1,"minecraft:flint_and_steel":3,"minecraft:tnt":20},"minecraft:picked_up":{"jujutsucraft:clothes_kusakabe_chestplate":1,"jujutsucraft:block_universe":5,"dummmmmmy:target_dummy":2,"minecraft:pumpkin_pie":2,"minecraft:spruce_planks":2,"minecraft:warped_slab":7,"minecraft:stone_button":1,"jujutsucraft:jujutsu_barrier":17,"minecraft:white_terracotta":1,"minecraft:spruce_slab":1,"jjkprisonrealmmodrework:prison_realm":1},"minecraft:custom":{"minecraft:time_since_rest":62688,"minecraft:open_chest":9,"minecraft:crouch_one_cm":6123,"minecraft:play_time":62688,"minecraft:sprint_one_cm":180080,"minecraft:damage_taken":119,"minecraft:walk_one_cm":151898,"minecraft:sneak_time":2223,"minecraft:drop":5,"minecraft:damage_dealt_resisted":37,"minecraft:jump":664,"minecraft:damage_dealt":0,"minecraft:time_since_death":62688,"minecraft:leave_game":1,"minecraft:walk_on_water_one_cm":361,"minecraft:total_world_time":62688,"minecraft:climb_one_cm":476,"minecraft:fall_one_cm":743,"minecraft:fly_one_cm":1145443},"minecraft:mined":{"jujutsucraft:jujutsu_barrier":78,"jujutsucraft:block_universe":125},"minecraft:dropped":{"jjkprisonrealmmodrework:prison_realm":1,"jujutsucraft:clothes_kusakabe_chestplate":1,"jujutsucraft:uniform_gojo_leggings":1,"dummmmmmy:target_dummy":1,"jujutsucraft:uniform_gojo_chestplate":1}},"DataVersion":3465}