{"stats":{"minecraft:mined":{"minecraft:orange_concrete":2,"minecraft:chain":174,"minecraft:player_wall_head":6,"minecraft:birch_trapdoor":6,"minecraft:andesite":3,"minecraft:sea_lantern":2,"jujutsucraft:jujutsu_barrier":2140,"minecraft:smooth_stone_slab":3,"jujutsucraft:domain_flower":1158,"minecraft:stone_brick_wall":1,"minecraft:oak_log":2,"minecraft:iron_bars":58,"minecraft:andesite_wall":8,"minecraft:smooth_red_sandstone_slab":6,"minecraft:stone":1,"minecraft:iron_block":6,"jujutsucraft:block_universe":1058,"minecraft:oak_leaves":34,"minecraft:iron_trapdoor":81,"minecraft:daylight_detector":1,"minecraft:redstone_lamp":1},"minecraft:dropped":{"jujutsucraft:block_universe":28,"jjkprisonrealmmodrework:prison_realm":1,"minecraft:oak_log":2,"jujutsucraft:domain_flower":1,"jujutsucraft:uniform_gojo_leggings":1,"jujutsucraft:jujutsu_barrier":26,"minecraft:chain":3,"jujutsucraft:clothes_kusakabe_chestplate":1,"jujutsucraft:uniform_gojo_chestplate":1,"dummmmmmy:target_dummy":1},"minecraft:custom":{"minecraft:time_since_rest":33635,"minecraft:sprint_one_cm":380788,"minecraft:damage_taken":1012,"minecraft:walk_one_cm":253167,"minecraft:drop":16,"minecraft:damage_dealt":0,"minecraft:fly_one_cm":2378078,"minecraft:open_chest":9,"minecraft:crouch_one_cm":10289,"minecraft:play_time":107640,"minecraft:deaths":1,"minecraft:sneak_time":3439,"minecraft:jump":1278,"minecraft:damage_dealt_resisted":38,"minecraft:leave_game":7,"minecraft:walk_on_water_one_cm":361,"minecraft:time_since_death":33589,"minecraft:climb_one_cm":1079,"minecraft:total_world_time":107640,"minecraft:damage_resisted":60,"minecraft:fall_one_cm":2260},"minecraft:picked_up":{"jujutsucraft:clothes_kusakabe_chestplate":1,"jujutsucraft:block_universe":44,"minecraft:iron_trapdoor":3,"minecraft:oak_door":1,"jujutsucraft:domain_flower":19,"minecraft:torch":3,"dummmmmmy:target_dummy":2,"minecraft:oak_log":2,"minecraft:stone_button":1,"minecraft:chain":5,"jujutsucraft:jujutsu_barrier":102,"jjkprisonrealmmodrework:prison_realm":1,"minecraft:paper":2,"minecraft:white_carpet":4,"minecraft:yellow_carpet":3,"minecraft:pumpkin_pie":2,"minecraft:spruce_planks":2,"minecraft:bread":3,"minecraft:warped_slab":7,"minecraft:spruce_slab":1,"minecraft:white_terracotta":1},"minecraft:killed_by":{"minecraft:player":1},"minecraft:used":{"jjkprisonrealmmodrework:prison_realm":12,"jjkprisonrealmmodrework:prison_realm_sealed_form":3,"minecraft:flint_and_steel":3,"jjkprisonrealmmodrework:toji_worm_chestplate":1,"jujutsucraftaddon:kenjaku_armor_helmet":1,"jujutsucraft:sukuna_perfect_spawn_egg":1,"minecraft:sand":1,"minecraft:tnt":20}},"DataVersion":3465}