{"stats":{"minecraft:used":{"jjkprisonrealmmodrework:toji_worm_chestplate":1,"jjkprisonrealmmodrework:prison_realm":4,"minecraft:sand":1,"minecraft:flint_and_steel":3,"minecraft:tnt":20},"minecraft:picked_up":{"jujutsucraft:clothes_kusakabe_chestplate":1,"dummmmmmy:target_dummy":2,"minecraft:pumpkin_pie":2,"minecraft:spruce_planks":2,"minecraft:warped_slab":7,"minecraft:stone_button":1,"minecraft:white_terracotta":1,"minecraft:spruce_slab":1},"minecraft:custom":{"minecraft:time_since_rest":50688,"minecraft:open_chest":9,"minecraft:crouch_one_cm":5424,"minecraft:play_time":50688,"minecraft:sprint_one_cm":165550,"minecraft:damage_taken":108,"minecraft:walk_one_cm":114919,"minecraft:sneak_time":1925,"minecraft:drop":2,"minecraft:damage_dealt_resisted":37,"minecraft:jump":585,"minecraft:damage_dealt":0,"minecraft:time_since_death":50688,"minecraft:leave_game":1,"minecraft:walk_on_water_one_cm":361,"minecraft:total_world_time":50688,"minecraft:climb_one_cm":476,"minecraft:fly_one_cm":1036177},"minecraft:dropped":{"jujutsucraft:clothes_kusakabe_chestplate":1,"dummmmmmy:target_dummy":1}},"DataVersion":3465}