{"stats":{"minecraft:used":{"jjkprisonrealmmodrework:prison_realm":11,"jjkprisonrealmmodrework:prison_realm_sealed_form":1,"minecraft:flint_and_steel":3,"jjkprisonrealmmodrework:toji_worm_chestplate":1,"jujutsucraftaddon:kenjaku_armor_helmet":1,"jujutsucraft:sukuna_perfect_spawn_egg":1,"minecraft:sand":1,"minecraft:tnt":20},"minecraft:picked_up":{"jujutsucraft:clothes_kusakabe_chestplate":1,"jujutsucraft:block_universe":5,"minecraft:iron_trapdoor":3,"minecraft:oak_door":1,"jujutsucraft:domain_flower":18,"minecraft:torch":3,"dummmmmmy:target_dummy":2,"minecraft:stone_button":1,"jujutsucraft:jujutsu_barrier":56,"jjkprisonrealmmodrework:prison_realm":1,"minecraft:paper":2,"minecraft:white_carpet":4,"minecraft:yellow_carpet":3,"minecraft:pumpkin_pie":2,"minecraft:spruce_planks":2,"minecraft:warped_slab":7,"minecraft:bread":3,"minecraft:white_terracotta":1,"minecraft:spruce_slab":1},"minecraft:custom":{"minecraft:time_since_rest":683,"minecraft:sprint_one_cm":261479,"minecraft:damage_taken":1002,"minecraft:walk_one_cm":189424,"minecraft:drop":5,"minecraft:damage_dealt":0,"minecraft:fly_one_cm":1649965,"minecraft:open_chest":9,"minecraft:crouch_one_cm":7964,"minecraft:play_time":74688,"minecraft:deaths":1,"minecraft:sneak_time":2588,"minecraft:jump":989,"minecraft:damage_dealt_resisted":37,"minecraft:leave_game":1,"minecraft:walk_on_water_one_cm":361,"minecraft:time_since_death":637,"minecraft:climb_one_cm":723,"minecraft:total_world_time":74688,"minecraft:fall_one_cm":1402},"minecraft:killed_by":{"minecraft:player":1},"minecraft:dropped":{"jjkprisonrealmmodrework:prison_realm":1,"jujutsucraft:uniform_gojo_leggings":1,"jujutsucraft:clothes_kusakabe_chestplate":1,"dummmmmmy:target_dummy":1,"jujutsucraft:uniform_gojo_chestplate":1},"minecraft:mined":{"minecraft:orange_concrete":2,"minecraft:chain":1,"minecraft:sea_lantern":2,"jujutsucraft:jujutsu_barrier":874,"jujutsucraft:domain_flower":943,"minecraft:iron_bars":58,"minecraft:smooth_red_sandstone_slab":6,"jujutsucraft:block_universe":125,"minecraft:iron_trapdoor":81}},"DataVersion":3465}